<?xml version="1.0" encoding="UTF-8"?>
<jcr:root xmlns:jcr="http://www.jcp.org/jcr/1.0" xmlns:nt="http://www.jcp.org/jcr/nt/1.0" xmlns:rep="internal"
          jcr:primaryType="nt:unstructured"
          id="root">
    <projects
            jcr:primaryType="nt:unstructured"
            jcr:title="Projects"
            desktopOnly="/welcome"
            desktopOnlyTitle="Classic UI"
            href="/projects.html"
            id="cq-projects"/>
    <sites
            jcr:mixinTypes="[rep:AccessControllable]"
            jcr:primaryType="nt:unstructured"
            jcr:title="Sites"
            desktopOnly="/siteadmin#"
            desktopOnlyTitle="Classic UI"
            href="/sites.html"
            id="cq-sites">
        <rep:policy/>
    </sites>
    <apps
            jcr:mixinTypes="[rep:AccessControllable]"
            jcr:primaryType="nt:unstructured"
            jcr:title="Apps"
            href="/aem/apps.html"
            id="cq-mobile">
        <rep:policy/>
    </apps>
    <publications
            jcr:mixinTypes="[rep:AccessControllable]"
            jcr:primaryType="nt:unstructured"
            jcr:title="Publications"
            desktopOnly="/publishingadmin#"
            desktopOnlyTitle="Classic UI"
            href="/aem/publications.html"
            id="cq-publications">
        <rep:policy/>
    </publications>
    <forms
            jcr:primaryType="nt:unstructured"
            jcr:title="Forms"
            href="/aem/forms.html"
            id="cq-forms"/>
    <assets
            jcr:primaryType="nt:unstructured"
            jcr:title="Assets"
            desktopOnly="/damadmin#"
            desktopOnlyTitle="Classic UI"
            href="/assets.html"
            id="cq-assets"/>
    <communities
            jcr:mixinTypes="[rep:AccessControllable]"
            jcr:primaryType="nt:unstructured"
            jcr:title="Communities"
            href="/communities.html"
            id="cq-communities">
        <rep:policy/>
    </communities>
    <commerce
            jcr:mixinTypes="[rep:AccessControllable]"
            jcr:primaryType="nt:unstructured"
            jcr:title="Commerce"
            id="cq-commerce">
        <catalogs
                jcr:primaryType="nt:unstructured"
                jcr:title="Catalogs"
                desktopOnly="/miscadmin#/etc/commerce"
                desktopOnlyTitle="Classic UI"
                href="/aem/catalogs.html"
                id="cq-commerce-catalogs"/>
        <products
                jcr:description="Manage your product marketing data"
                jcr:primaryType="nt:unstructured"
                jcr:title="Products"
                desktopOnly="/miscadmin#/etc/commerce/products"
                desktopOnlyTitle="Classic UI"
                href="/aem/products.html"
                id="cq-commerce-products"/>
        <orders
                jcr:description="Manage your orders"
                jcr:primaryType="nt:unstructured"
                jcr:title="Orders"
                desktopOnly="/miscadmin#/etc/commerce/orders"
                desktopOnlyTitle="Classic UI"
                href="/aem/orders.html"
                id="cq-commerce-orders"/>
        <rep:policy/>
    </commerce>
    <tools
            jcr:primaryType="nt:unstructured"
            jcr:title="Tools"
            id="cq-tools">
        <operations
                jcr:mixinTypes="[rep:AccessControllable]"
                jcr:primaryType="nt:unstructured"
                jcr:title="Operations"
                id="cq-tools-operations">
            <dashboard
                    jcr:description="Health reports, diagnosis tools and automated maintenance tasks"
                    jcr:primaryType="nt:unstructured"
                    jcr:title="Dashboard"
                    href="/system/operations.html"
                    id="granite-monitoring">
                <healthreports
                        jcr:primaryType="nt:unstructured"
                        jcr:title="Health Reports"
                        href="/libs/granite/operations/content/healthreports.html"
                        id="healthreports"/>
                <diagnosis
                        jcr:primaryType="nt:unstructured"
                        jcr:title="Diagnosis"
                        href="/libs/granite/operations/content/diagnosis.html"
                        id="diagnosis"/>
                <maintenance
                        jcr:primaryType="nt:unstructured"
                        jcr:title="Maintenance"
                        href="/libs/granite/operations/content/maintenance.html"
                        id="maintenance"/>
            </dashboard>
            <security
                    jcr:primaryType="nt:unstructured"
                    jcr:title="Security"
                    id="granite-security">
                <users
                        jcr:description="Manage your users"
                        jcr:primaryType="nt:unstructured"
                        jcr:title="Users"
                        desktopOnly="/useradmin"
                        desktopOnlyTitle="Classic UI"
                        href="/libs/granite/security/content/useradmin.html"
                        id="granite-users"/>
                <groups
                        jcr:description="Manage your groups"
                        jcr:primaryType="nt:unstructured"
                        jcr:title="Groups"
                        desktopOnly="/useradmin"
                        desktopOnlyTitle="Classic UI"
                        href="/libs/granite/security/content/groupadmin.html"
                        id="granite-groups"/>
                <oauth
                        jcr:description="Manage OAuth Clients"
                        jcr:primaryType="nt:unstructured"
                        jcr:title="OAuth Clients"
                        href="/libs/granite/oauth/content/clients.html"
                        id="granite-oauth-clients"/>
                <permissions
                        jcr:description="Manage your users and groups"
                        jcr:primaryType="nt:unstructured"
                        jcr:title="Permissions"
                        href="/useradmin"
                        id="cq-tools-permissions"
                        target="_blank"/>
            </security>
            <packaging
                    jcr:primaryType="nt:unstructured"
                    jcr:title="Packaging"
                    id="granite-packaging">
                <packages
                        jcr:description="Package and share applications"
                        jcr:primaryType="nt:unstructured"
                        jcr:title="Packages"
                        href="/crx/packmgr"
                        id="granite-packages"
                        target="_blank"/>
                <packageshare
                        jcr:description="Download applications from Adobe and the community"
                        jcr:primaryType="nt:unstructured"
                        jcr:title="Package Share"
                        href="/crx/packageshare"
                        id="granite-packageshare"
                        target="_blank"/>
            </packaging>
            <deployment
                    jcr:primaryType="nt:unstructured"
                    jcr:title="Deployment"
                    id="granite-deployment">
                <clustering
                        jcr:description="Manage clustered deployments"
                        jcr:primaryType="nt:unstructured"
                        jcr:title="Clustering"
                        href="/libs/granite/cluster/content/admin.html"
                        id="granite-clustering"
                        target="_blank"/>
                <topology
                        jcr:description="View the instances topology"
                        jcr:primaryType="nt:unstructured"
                        jcr:title="Topology"
                        href="/libs/granite/topology/content/view.html"
                        id="granite-topology"/>
                <offloading
                        jcr:description="Manage instances offloading"
                        jcr:primaryType="nt:unstructured"
                        jcr:title="Offloading"
                        href="/libs/granite/offloading/content/view.html"
                        id="granite-offloading"/>
                <ocs
                        jcr:description="Cloud-based infrastructure deployment"
                        jcr:primaryType="nt:unstructured"
                        jcr:title="One-Click Setup"
                        href="/ocs.html"
                        id="granite-ocs"/>
            </deployment>
            <cloud
                    jcr:primaryType="nt:unstructured"
                    jcr:title="Cloud"
                    id="cq-cloud">
                <cloudservices
                        jcr:description="Connect to Adobe Marketing Cloud"
                        jcr:primaryType="nt:unstructured"
                        jcr:title="Cloud Services"
                        desktopOnly="/miscadmin#/etc/cloudservices"
                        desktopOnlyTitle="Classic UI"
                        href="/libs/cq/core/content/tools/cloudservices.html"
                        id="cq-cloudservices"/>
                <contexthub
                        jcr:description="Manage Context Hub configurations"
                        jcr:primaryType="nt:unstructured"
                        jcr:title="Context Hub"
                        desktopOnly="/miscadmin#/etc/cloudsettings/default/contexthub"
                        desktopOnlyTitle="Classic UI"
                        href="/etc/cloudsettings.html"
                        id="cq-contexthub"/>
            </cloud>
            <workflows
                    jcr:description="Model and manage workflows"
                    jcr:primaryType="nt:unstructured"
                    jcr:title="Workflows"
                    href="/workflow"
                    id="cq-tools-workflows"
                    target="_blank"/>
            <launches
                    jcr:description="Manage your marketing launches"
                    jcr:primaryType="nt:unstructured"
                    jcr:title="Launches"
                    href="/libs/launches/content/admin.html"
                    id="cq-tools-launches"
                    target="_blank"/>
            <replication
                    jcr:description="Create and manage multiple websites"
                    jcr:primaryType="nt:unstructured"
                    jcr:title="Replication"
                    href="/etc/replication.html"
                    id="cq-tools-replication"
                    target="_blank"/>
            <tagging
                    jcr:description="Organize your tags and their namespaces"
                    jcr:primaryType="nt:unstructured"
                    jcr:title="Tagging"
                    href="/tagging"
                    id="cq-tools-tagging"
                    target="_blank"/>
            <configuration
                    jcr:description="Maintain and configure your system"
                    jcr:primaryType="nt:unstructured"
                    jcr:title="Configuration"
                    href="/miscadmin"
                    id="cq-tools-configuration"
                    target="_blank"/>
            <backup
                    jcr:description="Carry out backup tasks"
                    jcr:primaryType="nt:unstructured"
                    jcr:title="Backup"
                    href="/libs/granite/backup/content/admin.html"
                    id="granite-backup"
                    target="_blank"/>
            <rep:policy/>
        </operations>
        <assets
                jcr:primaryType="nt:unstructured"
                jcr:title="Assets"
                id="cq-tools-assets">
            <processingprofile
                    jcr:primaryType="nt:unstructured"
                    jcr:title="Processing Profiles"
                    id="cq-assets-processingprofiles">
                <overview
                        jcr:description="Manage your processing profiles"
                        jcr:primaryType="nt:unstructured"
                        jcr:title="Overview"
                        href="/libs/dam/gui/content/processingprofilepage.html"
                        id="cq-assets-processingprofiles-overview"/>
                <metadata
                        jcr:description="Manage your metadata profiles"
                        jcr:primaryType="nt:unstructured"
                        jcr:title="Metadata Profiles"
                        href="/libs/dam/gui/content/processingprofilepage/metadataprofiles.html"
                        id="cq-assets-processingprofiles-metadata"/>
                <image
                        jcr:description="Manage your image profiles"
                        jcr:primaryType="nt:unstructured"
                        jcr:title="Image Profiles"
                        href="/libs/dam/gui/content/imageprocessingprofiles.html"
                        id="cq-assets-processingprofiles-image"/>
                <video
                        jcr:description="Manage your video profiles"
                        jcr:primaryType="nt:unstructured"
                        jcr:title="Video Profiles"
                        href="/libs/dam/gui/content/s7dam/videopresets/videopresets.html"
                        id="cq-assets-processingprofiles-video"/>
            </processingprofile>
            <metadataschemas
                    jcr:description="Manage metadata schema forms"
                    jcr:primaryType="nt:unstructured"
                    jcr:title="Metadata Schemas"
                    href="/libs/dam/gui/content/metadataschemaeditor/schemalist.html"
                    id="cq-assets-metadataschemas"/>
            <imagepresets
                    jcr:description="Manage your image rendition presets"
                    jcr:primaryType="nt:unstructured"
                    jcr:title="Image Presets"
                    href="/libs/dam/gui/content/s7dam/imagepresets/imagepresets.html"
                    id="cq-assets-imagepresets"/>
            <viewerpresets
                    jcr:description="Manage your viewer rendition presets"
                    jcr:primaryType="nt:unstructured"
                    jcr:title="Viewer Presets"
                    href="/libs/dam/gui/content/s7dam/viewerpresets/viewerpresets.html"
                    id="cq-assets-viewerpresets"/>
            <assetreports
                    jcr:description="Create/Manage Reports"
                    jcr:mixinTypes="[rep:AccessControllable]"
                    jcr:primaryType="nt:unstructured"
                    jcr:title="Asset Reports"
                    href="/libs/dam/gui/content/reports/reportspage.html"
                    id="cq-assets-assetreports">
                <rep:policy/>
            </assetreports>
            <videoreports
                    jcr:description="View Video Reports"
                    jcr:primaryType="nt:unstructured"
                    jcr:title="Video Reports"
                    href="/libs/dam/gui/content/s7dam/videoreports/videodetailreport.html"
                    id="cq-assets-videoreports"/>
            <customsearchfacets
                    jcr:description="Customize your search facets"
                    jcr:primaryType="nt:unstructured"
                    jcr:title="Search Facets"
                    href="/libs/dam/gui/content/customsearch/searchfacetformlister.html"
                    id="cq-assets-customsearchfacets"/>
        </assets>
        <resources
                jcr:primaryType="nt:unstructured"
                jcr:title="Resources"
                id="cq-tools-resources">
            <documentation
                    jcr:description="View the Web Experience Management documentation"
                    jcr:primaryType="nt:unstructured"
                    jcr:title="Documentation"
                    href_i18n="https://www.adobe.com/go/aem-docs"
                    id="cq-documentation"
                    target="_blank"/>
            <dev
                    jcr:description="Developer resources and downloads"
                    jcr:primaryType="nt:unstructured"
                    jcr:title="Developer Resources"
                    href_i18n="https://www.adobe.com/go/aem-dev"
                    id="cq-dev"
                    target="_blank"/>
        </resources>
        <crxdelite
                jcr:description="Develop applications with a web-based IDE"
                jcr:primaryType="nt:unstructured"
                jcr:title="CRXDE Lite"
                href="/crx/de"
                id="granite-crxdelite"
                target="_blank"/>
        <webconsole
                jcr:description="Configure and manage the application platform"
                jcr:primaryType="nt:unstructured"
                jcr:title="Web Console"
                href="/system/console/configMgr"
                id="granite-webconsole"
                target="_blank"/>
    </tools>
</jcr:root>
